{
  "IcoMoonType": "selection",
  "icons": [
    {
      "icon": {
        "paths": [
          "M384 64h-320c-35.2 0-64 28.8-64 64v320c0 35.2 28.796 64 64 64h320c35.2 0 64-28.8 64-64v-320c0-35.2-28.8-64-64-64zM384 320h-320v-64h320v64zM896 64h-320c-35.204 0-64 28.8-64 64v832c0 35.2 28.796 64 64 64h320c35.2 0 64-28.8 64-64v-832c0-35.2-28.8-64-64-64zM896 640h-320v-64h320v64zM896 448h-320v-64h320v64zM384 576h-320c-35.2 0-64 28.8-64 64v320c0 35.2 28.796 64 64 64h320c35.2 0 64-28.8 64-64v-320c0-35.2-28.8-64-64-64zM384 832h-128v128h-64v-128h-128v-64h128v-128h64v128h128v64z"
        ],
        "tags": [
          "calculator",
          "compute",
          "math",
          "arithmetic",
          "sum"
        ],
        "defaultCode": 59712,
        "grid": 16,
        "attrs": []
      },
      "attrs": [],
      "properties": {
        "ligatures": "calculator, compute",
        "name": "calculator",
        "order": 2,
        "id": 65,
        "prevSize": 32
      },
      "setIdx": 0,
      "setId": 1,
      "iconIdx": 64
    }
  ],
  "height": 1024,
  "preferences": {
    "showGlyphs": true,
    "showQuickUse": true,
    "showQuickUse2": true,
    "showSVGs": true,
    "fontPref": {
      "prefix": "icon-",
      "metadata": {
        "fontFamily": "icomoon"
      },
      "metrics": {
        "emSize": 1024,
        "baseline": 6.25,
        "whitespace": 50
      },
      "embed": false
    },
    "imagePref": {
      "prefix": "icon-",
      "png": true,
      "useClassSelector": true,
      "color": 0,
      "bgColor": 16777215,
      "classSelector": ".icon"
    },
    "historySize": 100,
    "showCodes": true,
    "gridSize": 16
  }
}